<?xml version="1.0" encoding="UTF-8"?>
<rows>
	<row id="1">
		<cell>../icons/grid_folder.png</cell>
		<cell>Books</cell>
		<cell>File folder</cell>
		<cell>2013-10-07 18:59</cell>
		<cell> </cell>
	</row>
	<row id="2">
		<cell>../icons/grid_folder.png</cell>
		<cell>Romantic</cell>
		<cell>File folder</cell>
		<cell>2013-10-07 18:59</cell>
        <cell>books</cell>
    </row>
	<row id="3">
		<cell>../icons/grid_file1.png</cell>
		<cell>Umberto Eco - Il name della rosa</cell>
		<cell>File doc</cell>
		<cell>2013-10-07 18:59</cell>
        <cell>romantic</cell>
    </row>
	<row id="4">
		<cell>../icons/grid_file1.png</cell>
		<cell>Margaret Mitchell - Gone with the Wind</cell>
		<cell>File doc</cell>
		<cell>2013-10-07 18:59</cell>
        <cell>romantic</cell>
    </row>
	<row id="5">
		<cell>../icons/grid_folder.png</cell>
		<cell>Mystic</cell>
		<cell>File folder</cell>
		<cell>2013-10-07 18:59</cell>
        <cell>books</cell>
    </row>
	<row id="6">
		<cell>../icons/grid_file1.png</cell>
		<cell>Stephen King - It</cell>
		<cell>File doc</cell>
		<cell>2013-10-07 18:59</cell>
        <cell>mystic</cell>
    </row>
	<row id="7">
		<cell>../icons/grid_folder.png</cell>
		<cell>Comedy</cell>
		<cell>File folder</cell>
		<cell>2013-10-07 18:59</cell>
        <cell>books</cell>
    </row>
	<row id="8">
		<cell>../icons/grid_file1.png</cell>
		<cell>Barney Stinson - The Bro Code</cell>
		<cell>File doc</cell>
		<cell>2013-10-07 18:59</cell>
        <cell>fun</cell>
    </row>
	<row id="9">
		<cell>../icons/grid_folder.png</cell>
		<cell>Movies</cell>
		<cell>File folder</cell>
		<cell>2013-10-07 18:59</cell>
        <cell> </cell>
    </row>
	<row id="10">
		<cell>../icons/grid_folder.png</cell>
		<cell>Comedy</cell>
		<cell>File folder</cell>
		<cell>2013-10-07 18:59</cell>
        <cell>films</cell>
    </row>
	<row id="11">
		<cell>../icons/grid_file2.png</cell>
		<cell>Mr. Bean</cell>
		<cell>File media</cell>
		<cell>2013-10-07 18:59</cell>
        <cell>comedy</cell>
    </row>
	<row id="12">
		<cell>../icons/grid_folder.png</cell>
		<cell>Action</cell>
		<cell>File folder</cell>
		<cell>2013-10-07 18:59</cell>
        <cell>films</cell>
    </row>
	<row id="13">
		<cell>../icons/grid_file2.png</cell>
		<cell>Terminator</cell>
		<cell>File media</cell>
		<cell>2013-10-07 18:59</cell>
        <cell>action</cell>
    </row>
	<row id="14">
		<cell>../icons/grid_folder.png</cell>
		<cell>Music</cell>
		<cell>File folder</cell>
		<cell>2013-10-07 18:59</cell>
        <cell> </cell>
    </row>
	<row id="15">
		<cell>../icons/grid_file2.png</cell>
		<cell>Christina Aguilera - Fighter</cell>
		<cell>File media</cell>
		<cell>2013-10-07 18:59</cell>
        <cell>music</cell>
    </row>
    <row id="16">
        <cell>../icons/grid_file2.png</cell>
        <cell>Deep Purple - Smoke on the water </cell>
        <cell>File media</cell>
        <cell>2013-10-07 18:59</cell>
        <cell>music</cell>
    </row>
</rows>